path,lines,sha256
runtime-kotlin/runtime-cli/src/main/kotlin/skillbill/cli/agentaddon/AgentAddonCliCommands.kt,139,eb84172fcedba812899eb2515a58a5bd96fa4263a2bf093516f568b2c501179d
runtime-kotlin/runtime-cli/src/main/kotlin/skillbill/cli/codereview/CodeReviewCommand.kt,29,afb9a6b17504d1adb624925e7b26f644974d073f0dec8d424e305a6fb24d24ee
runtime-kotlin/runtime-cli/src/main/kotlin/skillbill/cli/codereview/CodeReviewDriverCommand.kt,234,065e679fdb68b1ebc44041c9c122c5816f5407f08d1049417f2e70ec471a5c3a
runtime-kotlin/runtime-cli/src/main/kotlin/skillbill/cli/codereview/ReviewPrelaunchExpansionParsing.kt,30,8146ccfcc8e5f2ec90826ea7a69897ae83b4edd67e539ac05f4956b2d5985411
runtime-kotlin/runtime-cli/src/main/kotlin/skillbill/cli/codereview/StandaloneCodeReviewTarget.kt,61,4195003af5fb661af294bdc029c36c1f9e8c90d0af1ff10b3b806693e2bc309f
runtime-kotlin/runtime-cli/src/main/kotlin/skillbill/cli/config/ConfigCommand.kt,86,c673361f22f27d4a7780715194a06bfc4844e6eb9203b1827e3ae63bd7e58965
runtime-kotlin/runtime-cli/src/main/kotlin/skillbill/cli/config/ConfigResolveExternalAddonsCommand.kt,42,56e1f3a241e8da25a491856fb28b8253d3d4544a3bfdd859705dd62a347932f6
runtime-kotlin/runtime-cli/src/main/kotlin/skillbill/cli/config/ConfigResolveExternalAgentAddonsCommand.kt,43,2ab621a2376cc5b8ee138b9c0ee1950fbf22df44f0d8e5046e814bd4863fb3c2
runtime-kotlin/runtime-cli/src/main/kotlin/skillbill/cli/core/CliCommandGroups.kt,66,2b4e36ed739a094a4c70a4e2ebf7d92935f98eb84af64d71f20baa11754389f6
runtime-kotlin/runtime-cli/src/main/kotlin/skillbill/cli/core/CliComponent.kt,16,c4d3da6721918a0e75d6478be4a8c86b17b1f98375f8c80006c0afc0f083ad15
runtime-kotlin/runtime-cli/src/main/kotlin/skillbill/cli/core/CliRuntime.kt,81,a559a09421e394e8f0d90536e58c77ce6b5fc099f11f3e5600e4298ea1eaf42b
runtime-kotlin/runtime-cli/src/main/kotlin/skillbill/cli/core/CliUtilityCommandGroups.kt,45,52c6bdaa6b96b1d4a4b4bccd7204a83506edb7070e0890dbbb67db2fed8f8a36
runtime-kotlin/runtime-cli/src/main/kotlin/skillbill/cli/core/Main.kt,26,14c4a179ebe1e050b1556015744eaeb841beaf192a2910b97479d31337015da5
runtime-kotlin/runtime-cli/src/main/kotlin/skillbill/cli/core/SkillBillCommand.kt,41,767f60029167bdb79937754e26c891d9d96cab95b9858f6465d29850579b8809
runtime-kotlin/runtime-cli/src/main/kotlin/skillbill/cli/featuretask/FeatureTaskRuntimeCliCommands.kt,267,f7fb6c80ba3dbd7fecf52a53e6498e64b0d23b8acace7566d51efa871ea9b151
runtime-kotlin/runtime-cli/src/main/kotlin/skillbill/cli/featuretask/FeatureTaskRuntimeCliFormatting.kt,125,4591cf37b1d4f97307782b5513a0d73cf90ac6ba65573793ef3da11b0f73d374
runtime-kotlin/runtime-cli/src/main/kotlin/skillbill/cli/featuretask/FeatureTaskRuntimeControlCliCommands.kt,214,a5a5b490a11531c98c82105c89c65189beaa3352742e397abf9c5028ca98826d
runtime-kotlin/runtime-cli/src/main/kotlin/skillbill/cli/featuretask/FeatureTaskRuntimeDeprecatedCliCommands.kt,148,a5b948a3fad23d223b0bd838d41c4802e2d07d225ff3814bb7bfdf53d294e3ea
runtime-kotlin/runtime-cli/src/main/kotlin/skillbill/cli/featuretask/FeatureTaskRuntimePhaseAssignmentParsing.kt,77,0d91ab372a1c8ae1ffd6c04f52b6eee8703f1e0c4d5901d7aacf5f49fc34d317
runtime-kotlin/runtime-cli/src/main/kotlin/skillbill/cli/featuretask/FeatureTaskRuntimeRunDependencies.kt,29,b5c94066847b79bcc35921324452c411d8652b4c3f4bd387745587ee6b3d103f
runtime-kotlin/runtime-cli/src/main/kotlin/skillbill/cli/featuretask/FeatureTaskRuntimeRunReportPresentation.kt,114,9a81de0b695e0773150a394d68fce067508db8d2089f5bd5b97af4e2435f75cc
runtime-kotlin/runtime-cli/src/main/kotlin/skillbill/cli/featuretask/FeatureTaskRuntimeRunRequestAssembly.kt,176,89ed4d8c9a233ad4c63e860056371943823156bd88548aa5262fed38ac17ef75
runtime-kotlin/runtime-cli/src/main/kotlin/skillbill/cli/featuretask/FeatureTaskRuntimeStatusPresentation.kt,128,f17195c48c8e0767157c7f2064a1e60fbf188e2d80a4207af6571958da7ddb06
runtime-kotlin/runtime-cli/src/main/kotlin/skillbill/cli/featuretask/FeatureTaskRuntimeSubcommands.kt,19,8d98cc73f4d13aab0c88e221ab2ece109ac59d9071da12e8275b04a4e2105c7d
runtime-kotlin/runtime-cli/src/main/kotlin/skillbill/cli/featuretask/RejectedOutputCommands.kt,177,606b07c6bf28d6cd78ccc63854485cd0242d764c596c4caaa00161d5822cc68f
runtime-kotlin/runtime-cli/src/main/kotlin/skillbill/cli/featuretask/VerifyRuntimeResume.kt,48,e7f8a9f31950aa45f6df72e21cca2a8607b8461454fcd2f2bebd9a7283d3353f
runtime-kotlin/runtime-cli/src/main/kotlin/skillbill/cli/goal/GoalCliCommands.kt,235,7c9dc653ec7e3bc143f64faaac3a86732111a432c3782ff7214942ed59dfd19c
runtime-kotlin/runtime-cli/src/main/kotlin/skillbill/cli/goal/GoalCliControlCommands.kt,318,4d20d111d79be67948c8d194a518b358c81e205a6e4b1eded947c9e3d9689d00
runtime-kotlin/runtime-cli/src/main/kotlin/skillbill/cli/goal/GoalCliControlFormatting.kt,241,93695e50afae11152a1545d75de3a03538bc0011d61a94b4521a937b27993927
runtime-kotlin/runtime-cli/src/main/kotlin/skillbill/cli/goal/GoalCliExitCodes.kt,42,690d05f86fd22efbdd6d51a957dc39ab36db147aedf02f8e1478586b71c21f4f
runtime-kotlin/runtime-cli/src/main/kotlin/skillbill/cli/goal/GoalCliFormatting.kt,171,af2b3cf063f698371144a29c16c00d20d087599d133e18db52f6b8edef73185e
runtime-kotlin/runtime-cli/src/main/kotlin/skillbill/cli/goal/GoalCliPurgeFormatting.kt,29,b8ce9a047b04fa201341d1dff7cec804076fbe9d945eb705cc212c4c353faa99
runtime-kotlin/runtime-cli/src/main/kotlin/skillbill/cli/goal/GoalCliRunArgs.kt,28,e57be3ad88f0a138a7400834455426007ef09917e411c6a9a3f8978435cf81e6
runtime-kotlin/runtime-cli/src/main/kotlin/skillbill/cli/goal/GoalCliRunCommands.kt,379,030d33008343e2188f2a946d682e13d939fa47a8f4c34433aa55cec36b0cfa9f
runtime-kotlin/runtime-cli/src/main/kotlin/skillbill/cli/goal/GoalCliRunDefaults.kt,11,936b4d046a21d27a9f0349db0f4852d806a58faeb6e0132f2451cbb1a1aec1cb
runtime-kotlin/runtime-cli/src/main/kotlin/skillbill/cli/goal/GoalCliStatusCommands.kt,235,6960420d6b42ae6033b5674be1c130acdbf4cce75422c42d9633529a7623377a
runtime-kotlin/runtime-cli/src/main/kotlin/skillbill/cli/goal/GoalCliStatusFormatting.kt,268,0030a96f4135a2fd3068d11fadaf19ce0789ee085ba8f2f20f17c67af6cc8c8c
runtime-kotlin/runtime-cli/src/main/kotlin/skillbill/cli/goal/GoalCliStatusTextLines.kt,66,65a856c9cbd047ba23281853e4a4383e83f3af1fb808482c55ff9b243a797fb8
runtime-kotlin/runtime-cli/src/main/kotlin/skillbill/cli/goal/GoalCliWatchPresentation.kt,45,322f816135f85a81ebb34e12b0a0dfe3b63225ae0d127784bc76f13f4eb419f1
runtime-kotlin/runtime-cli/src/main/kotlin/skillbill/cli/goal/GoalDiffCliMapping.kt,24,766a05976ff47f9d42ec77208da13adc32c14ad40a38982ba4fb12ffdb9d29c3
runtime-kotlin/runtime-cli/src/main/kotlin/skillbill/cli/goal/GoalPurgeCommand.kt,48,cd3359f1a8a205b9f6bc0fc239f8e3bf44762a1a4104d9360bdf4a0f7ac8b623
runtime-kotlin/runtime-cli/src/main/kotlin/skillbill/cli/goal/GoalRunInputPreparation.kt,52,c594787f873d63bc0d8285d7c58ac1e34e1f0b6b7d4a887bd49303a8f3b66aaa
runtime-kotlin/runtime-cli/src/main/kotlin/skillbill/cli/goal/GoalRunPresenter.kt,168,eb8911d515a8fbb39b35292ef7e0744a5f8d2218f37bec6e975e2f859a3a3359
runtime-kotlin/runtime-cli/src/main/kotlin/skillbill/cli/install/InstallAgentCliCommands.kt,118,ab195433ae362cbe78bf1d1a566354f57e93070b22f927ea49ffc9537d2fea7f
runtime-kotlin/runtime-cli/src/main/kotlin/skillbill/cli/install/InstallAgentPathCliCommands.kt,74,915075be43bbd48fb1b00234a002ebf89f4cf597ab21a308c4946085fb426056
runtime-kotlin/runtime-cli/src/main/kotlin/skillbill/cli/install/InstallApplyExternalAddonsCommand.kt,72,830abfd19a277dcc1ef612edbc4f2784044bb2be9fed5eb3e47f941ffb05c9f4
runtime-kotlin/runtime-cli/src/main/kotlin/skillbill/cli/install/InstallCliApplyPayloads.kt,112,5e29dc7d83dab090ab038accd656d258af69c7a9deb1fada0ef9889ae72304fa
runtime-kotlin/runtime-cli/src/main/kotlin/skillbill/cli/install/InstallCliCommands.kt,254,06d73028d252bdc8f2add7ec6c476c7fecf62e0991a87403e895b388ba57889a
runtime-kotlin/runtime-cli/src/main/kotlin/skillbill/cli/install/InstallCliMutations.kt,48,39381a0d3b0cd84723eb71c8de9ac3542dd9dc502a5f6c8ed2834c98b91ea229
runtime-kotlin/runtime-cli/src/main/kotlin/skillbill/cli/install/InstallCliPayloads.kt,19,23d9d4caffc7c28af47dfc249a99e3e95be72a73e53871b1919aeac488a70916
runtime-kotlin/runtime-cli/src/main/kotlin/skillbill/cli/install/InstallCliSubcommandGroups.kt,53,ad3d9690a3720a1b9aa2c879b3b04ce1485959d0ffbcc65780441e3398b93978
runtime-kotlin/runtime-cli/src/main/kotlin/skillbill/cli/install/InstallMcpCliCommands.kt,88,8f6a33d967c93a69c0207819966a31aebe9fca9ae6d5035f6f004e7fd25e94ec
runtime-kotlin/runtime-cli/src/main/kotlin/skillbill/cli/install/InstallNativeAgentCliCommands.kt,260,a0e06e06f56af86afb7119928375ab5b2788815ca58889e7ab2581cf1fbc5b49
runtime-kotlin/runtime-cli/src/main/kotlin/skillbill/cli/install/InstallReconcilePayloads.kt,92,e92562c892703fa0fb803fdc3d9f44452ef2f086a01fb7693f09ad5b6e5f3732
runtime-kotlin/runtime-cli/src/main/kotlin/skillbill/cli/install/InstallRequestCommand.kt,211,69e000e2fd027635c95d930f6ed4745e797ed6d6c33da0e1fd35c796dcfccc52
runtime-kotlin/runtime-cli/src/main/kotlin/skillbill/cli/install/InstallTopLevelCommands.kt,47,53a3826016e7840de018e3ac07bd9670c9a0962199a01233e8fb6cb5bbc56f25
runtime-kotlin/runtime-cli/src/main/kotlin/skillbill/cli/install/NativeAgentCliCommandGroups.kt,27,28dd6e602668d22a4e3e2d409acd2fb33d0b03de4a5b19cf257ff7b4e4b52444
runtime-kotlin/runtime-cli/src/main/kotlin/skillbill/cli/kernel/AgentAddonSelectionParsing.kt,46,e022b81db7743522920be0c3b7d5b797663312a823cde74e1d0a08e90e9aa926
runtime-kotlin/runtime-cli/src/main/kotlin/skillbill/cli/kernel/CliCompletionTelemetryDrain.kt,26,d33b30333dd45ad3edd58dfc13cd2f3cd88b263ef172d9ecd82eaf189bef8afa
runtime-kotlin/runtime-cli/src/main/kotlin/skillbill/cli/kernel/CliFormatOptions.kt,14,d77f2ec7349195cde003dfe28d093c96223221b92de348b67ec614678f5831a9
runtime-kotlin/runtime-cli/src/main/kotlin/skillbill/cli/kernel/CliOutput.kt,141,d2fabdd1f49e5fb427e5c78bf05ce4e44781c4dc95daf03b631b5f6e3758b0c3
runtime-kotlin/runtime-cli/src/main/kotlin/skillbill/cli/kernel/CliPresenters.kt,127,86e75e5edd0edec303850cbce50200fbcf064ef2ff93dad26b701cd4d13975ca
runtime-kotlin/runtime-cli/src/main/kotlin/skillbill/cli/kernel/CliRunState.kt,26,7ee44782b343cfa5735f8b78312f8c509364dc8fa51375392e0634826a2a66d9
runtime-kotlin/runtime-cli/src/main/kotlin/skillbill/cli/kernel/DocumentedCliCommand.kt,19,dfbd2e04191b31d64f0b576b39ff7f7c657177cd9b6ac01a7967a19bf18170af
runtime-kotlin/runtime-cli/src/main/kotlin/skillbill/cli/kernel/InvokingAgentResolution.kt,54,20ffdebf9e27a8c69bcff82cd1eda0d722166c8a9d89e53518c9044cd9a1c860
runtime-kotlin/runtime-cli/src/main/kotlin/skillbill/cli/kernel/LearningCliPayloads.kt,18,ef3051a1d4cd4b77238e60c34ac165a28421e136d3d6935a8c54ffbea1de3a18
runtime-kotlin/runtime-cli/src/main/kotlin/skillbill/cli/kernel/ModelDirectiveRefusal.kt,31,56b359c02fca1704e99a75d8d17e8dd03a1b814ae16c6aa542357434ff105051
runtime-kotlin/runtime-cli/src/main/kotlin/skillbill/cli/kernel/UnavailableAgentLauncherRefusal.kt,11,94cf414081afa25898eb1f2d7470f2d88321f4d9a27732cca918c60064b103c3
runtime-kotlin/runtime-cli/src/main/kotlin/skillbill/cli/kernel/WorkflowUpdateCliPayload.kt,27,533cfc44e7e003e3b2f3c65880122218e0b40fb2670c752dfcf05d575199dc3e
runtime-kotlin/runtime-cli/src/main/kotlin/skillbill/cli/learning/LearningCliCommands.kt,203,ba187496c21338a710f54558412456fe5fe9794291672192d2dd361a9fc86713
runtime-kotlin/runtime-cli/src/main/kotlin/skillbill/cli/model/CliExecutionResult.kt,7,4dfdf3f47a6b4ee1736485368132fb387eaf6ca8d255d57b9a4cc9f80d05400e
runtime-kotlin/runtime-cli/src/main/kotlin/skillbill/cli/model/CliFormat.kt,15,48c6d380f02ce0a75b73c484cb073a898011d82cad059aac372e841ef1c72c4c
runtime-kotlin/runtime-cli/src/main/kotlin/skillbill/cli/model/CliRunInputs.kt,16,829b5f0bfc385278ddf16813274b89191a38aa1d9fe4d8cb27a9cba343ef8263
runtime-kotlin/runtime-cli/src/main/kotlin/skillbill/cli/model/CliRuntimeContext.kt,56,1c9d7d9a5ff88a96cd3cd45fe207cb769496f29b1df5d5af3f93c2431119b9e0
runtime-kotlin/runtime-cli/src/main/kotlin/skillbill/cli/model/ExternalCommandRunner.kt,41,7b636f406496287c89f9db53e2dc6af40f58033ae8300335974ad5efcb20c0f6
runtime-kotlin/runtime-cli/src/main/kotlin/skillbill/cli/model/GoalRunWallClockDefaults.kt,3,bdfe23178b29e755e8de61e12889c2209926e3781b6930e8ec163cecf3f868af
runtime-kotlin/runtime-cli/src/main/kotlin/skillbill/cli/repovalidation/RepoValidationCliCommands.kt,120,4eeb17cfa7a93433405da8e030344bc1148223d7b49080254b0d564774b391ec
runtime-kotlin/runtime-cli/src/main/kotlin/skillbill/cli/review/ReviewCliCommands.kt,248,efd0a03b4a81403f14d0e5a805cc7298c076fbacd2cf57438a049e27ad88b2c2
runtime-kotlin/runtime-cli/src/main/kotlin/skillbill/cli/review/ReviewCliResultMappers.kt,36,d224e897fafbbed87059eaeec466eb6300a3428bd857639cad03a1a22d82f428
runtime-kotlin/runtime-cli/src/main/kotlin/skillbill/cli/scaffold/AssistedPlatformProfile.kt,7,6caa24bff63bf728395c8c3b270efee76dae1ecc85b86f6d752d41b5bc9cb7d6
runtime-kotlin/runtime-cli/src/main/kotlin/skillbill/cli/scaffold/ScaffoldAssistedPlatformProfiles.kt,74,cd9ce54298d50ff126689312269b666a8a7aaaf2c80ec96e071264bd188d575f
runtime-kotlin/runtime-cli/src/main/kotlin/skillbill/cli/scaffold/ScaffoldAuthoringCliCommandRuns.kt,85,a2e4a8ccce1efd8056e3d8348307b415efa3cde78fa93092771d9fd88fb8ad80
runtime-kotlin/runtime-cli/src/main/kotlin/skillbill/cli/scaffold/ScaffoldAuthoringCliCommands.kt,231,b91512521b890c4a37d7414cbe2c87a08e9df9566bf1df1056c78116aa6a43a2
runtime-kotlin/runtime-cli/src/main/kotlin/skillbill/cli/scaffold/ScaffoldCliArgs.kt,67,612472b7c5bee53daece17425bca2a81a205f2ae3dd8f51b8df43d8ac99e1ee7
runtime-kotlin/runtime-cli/src/main/kotlin/skillbill/cli/scaffold/ScaffoldCliPayloadRuns.kt,195,772a1275375973f3ae83d43216a6a162f1199865d67322d276d2f3e805384101
runtime-kotlin/runtime-cli/src/main/kotlin/skillbill/cli/scaffold/ScaffoldCliResultMappers.kt,84,50ea937d58f61cece91a61832db757c99ecd01956fc50a2c97cd6294f7e8f42e
runtime-kotlin/runtime-cli/src/main/kotlin/skillbill/cli/scaffold/ScaffoldCliSubcommandGroups.kt,27,b127c50898db3c6619cc2878a5cb3bbbb6c45a3594bffbcb2139115e86981e26
runtime-kotlin/runtime-cli/src/main/kotlin/skillbill/cli/scaffold/ScaffoldCliWireMaps.kt,62,5eb1ffb5c296f94f060d2a2a937a8cb25f901ac56fdee17452c6667809bac8c9
runtime-kotlin/runtime-cli/src/main/kotlin/skillbill/cli/scaffold/ScaffoldCliWizardRuns.kt,87,de4a1f77eafb7fa6d78c13e04aed97fdbcf6bf502680d2df8e843f4119122d6b
runtime-kotlin/runtime-cli/src/main/kotlin/skillbill/cli/scaffold/ScaffoldCommandRequestBaselineLayerParser.kt,53,900ecaf4a4e359e871ad40f304f31b0e6add246539153a6ca5564a7b40131c8b
runtime-kotlin/runtime-cli/src/main/kotlin/skillbill/cli/scaffold/ScaffoldCommandRequestParser.kt,140,1567ce44b093b63bb62bd0dd1e301bb2761a887e621a744989b1af090fd8c63a
runtime-kotlin/runtime-cli/src/main/kotlin/skillbill/cli/scaffold/ScaffoldCommandRequestParsing.kt,90,787e62aa22a46cf074a98ca2272cd03582b49108ed9a8dfe5231cd8c2e234c88
runtime-kotlin/runtime-cli/src/main/kotlin/skillbill/cli/scaffold/ScaffoldNewCliCommands.kt,270,5651abbd1b22e495b2e14ba61e1e22c85deeb67e651e5ec29a4145ab5a054596
runtime-kotlin/runtime-cli/src/main/kotlin/skillbill/cli/scaffold/ScaffoldPayloadInputs.kt,88,c441b3a4f60c38214f91d79ceeb5c511ca07d182e4c6dbaefe9856a5ca5bd779
runtime-kotlin/runtime-cli/src/main/kotlin/skillbill/cli/scaffold/ScaffoldTopLevelCommands.kt,27,e5b739114656535dc409dd04bf75702aa51b953817a90b9a7b1a6e6da1e8d531
runtime-kotlin/runtime-cli/src/main/kotlin/skillbill/cli/scaffold/ScaffoldWizardPayloads.kt,76,eb261655f2864a21d5478cf8aecd5dcb5f36949b25fa52eab4ff15d5573ed104
runtime-kotlin/runtime-cli/src/main/kotlin/skillbill/cli/scaffold/ScaffoldWizardPrompts.kt,73,dbc28e402acb336877109e61edafe80ef8f3d0c9d1de145d85845e974d753a3f
runtime-kotlin/runtime-cli/src/main/kotlin/skillbill/cli/scaffold/ScaffoldWizardValueNormalization.kt,24,d10992e0fdac698a81d8829e472ada9f57bafd14b4df081c2b465932aee692ce
runtime-kotlin/runtime-cli/src/main/kotlin/skillbill/cli/skillremove/RemoveCliCommand.kt,57,b82d25ea3627e126f2086659fc5eb92a4ce513314f77d40047723f420fdbdefd
runtime-kotlin/runtime-cli/src/main/kotlin/skillbill/cli/skillremove/RemoveCliCommandExecution.kt,149,ba584aaaeef40bec26f94a51fb9c7b048a6a1bc9349f5ac0f843f4d7535efd9a
runtime-kotlin/runtime-cli/src/main/kotlin/skillbill/cli/skillremove/RemoveCommandExecutionRequest.kt,15,9972d5a2f3892903f9e573826e17dbf0bb2076fc1c2e4fdf19743977dac6946a
runtime-kotlin/runtime-cli/src/main/kotlin/skillbill/cli/system/SystemCliCommands.kt,266,ae6027272855631fa2fe5345c62567ab2f6a489a832c06c5ee044581398f6ec7
runtime-kotlin/runtime-cli/src/main/kotlin/skillbill/cli/system/UninstallCommand.kt,394,b751fa4470f1f5877bbd1e7ac79b81cea36453689e4c4e887d599675b6c60b77
runtime-kotlin/runtime-cli/src/main/kotlin/skillbill/cli/system/UninstallCommandApply.kt,94,888fd35012880032f3b9ace8ad40930fac7976d5f9e0e8ff1bab2c5e8ad7ff19
runtime-kotlin/runtime-cli/src/main/kotlin/skillbill/cli/system/UninstallMutationRecorder.kt,16,341bf9661548ad2306fbe2b84325cd90f75901f009ef65da08468b277b3e4fc7
runtime-kotlin/runtime-cli/src/main/kotlin/skillbill/cli/telemetry/TelemetryCliCommands.kt,137,300767554b9dee9a4e24d409c5099ac07e7c6f9ea1d6de554b945722d78b7d00
runtime-kotlin/runtime-cli/src/main/kotlin/skillbill/cli/telemetry/TelemetryCliResultMappers.kt,86,a25f315b81a0e8580825a1bd379fbc22893e9dda39482a1bc064bfcdcaac2231
runtime-kotlin/runtime-cli/src/main/kotlin/skillbill/cli/work/WorkCliCommands.kt,198,8580dd1423cf89def597389da232040a9433a68a9c2a6744ad23ecfccfce5ecd
runtime-kotlin/runtime-cli/src/main/kotlin/skillbill/cli/workflow/WorkflowCliCommands.kt,357,7f9e18f99fab4b3747e5919fc558cb0231bb037b2b2ded50b5ff967ffa60d355
runtime-kotlin/runtime-cli/src/main/kotlin/skillbill/cli/workflow/WorkflowCliResultMappers.kt,72,e7be1a24159105e8f3794c3e9b61723fa93cc6aa1336f63ca65d0793f42994c2
runtime-kotlin/runtime-cli/src/main/kotlin/skillbill/cli/workflow/WorkflowContinueCliBranchMapsCore.kt,34,f48a00f8274253aca2902278c68b5561755874f2490c854f732757d86e86760a
runtime-kotlin/runtime-cli/src/main/kotlin/skillbill/cli/workflow/WorkflowContinueCliBranchMapsDecomposition.kt,99,54abadcaeab4914344742cbae58abd40992db7f94ba9dca69e230ccc23b3931a
runtime-kotlin/runtime-cli/src/main/kotlin/skillbill/cli/workflow/WorkflowContinueCliMaps.kt,32,caa7f9558115e766b8326cc9cedd51096748b83f11a545ea9ac1fcdf265ad509
runtime-kotlin/runtime-cli/src/main/kotlin/skillbill/cli/workflow/WorkflowGoalObservabilityCliMapping.kt,23,8e5d5de4c826800941e2c93459c715ba43ad85870b438a8aa29cffe5a0b17dbe
runtime-kotlin/runtime-cli/src/repoTest/kotlin/skillbill/cli/CliAuthoringParityTest.kt,440,d241b5658cf74fd32a9e8c9283719802097b5b991f1ec9b99fa234303372bbbf
runtime-kotlin/runtime-cli/src/repoTest/kotlin/skillbill/cli/CliExternalAuthorDryRunTest.kt,245,76112ca26c513987272aec634793123f3d853ed70985e01ae03f833fa96aaf48
runtime-kotlin/runtime-cli/src/repoTest/kotlin/skillbill/cli/CliRepoValidationRuntimeTest.kt,212,f129d2537124f802423e6505195ae11dc0f17c66d1c0a04a917d41395c878a99
runtime-kotlin/runtime-cli/src/repoTest/kotlin/skillbill/cli/CliWorkflowUpdateRuntimeTest.kt,94,7ac867cb6330820857982119813e5b7877165ba00013da0b90dd7f823f976a5e
runtime-kotlin/runtime-cli/src/test/kotlin/skillbill/TestSupport.kt,16,50be2f96bdeac2601404706bfa1d6a71ad6856c29de021026323b6f93cb8270f
runtime-kotlin/runtime-cli/src/test/kotlin/skillbill/cli/CliAgentAddonResolveSelectionRuntimeTest.kt,68,952c1f7ab52fefb5b216c039b4d23be1aa20b4662f41cf61fc7f69f8522d0954
runtime-kotlin/runtime-cli/src/test/kotlin/skillbill/cli/CliBillMonitorSkillRuntimeTest.kt,153,d84432ab839473ae2ae388a5cdcf294b949aa1dcdb2d26aed152047eb370fbc8
runtime-kotlin/runtime-cli/src/test/kotlin/skillbill/cli/CliCodeReviewDriverRuntimeTest.kt,31,99d754e033138546b6046812ad899a8f0c0b2e7fec9a016d2617bba55650820a
runtime-kotlin/runtime-cli/src/test/kotlin/skillbill/cli/CliCompletionTelemetryDrainSupport.kt,55,12ed3bca90c984b884894685b005db11fa0e9f065b82e284da395e3b817e61cd
runtime-kotlin/runtime-cli/src/test/kotlin/skillbill/cli/CliConfigResolveExternalAddonsRuntimeTest.kt,136,60a6e9645e34e5fd16420f581484216439cfdf3e2f78aa8a9bb4a92566c737cd
runtime-kotlin/runtime-cli/src/test/kotlin/skillbill/cli/CliConfigResolveSpecTypeRuntimeTest.kt,119,01c2c6d4f4bd2d44044043a931540048d1cbcbc98c3e271f03bad36d8904a226
runtime-kotlin/runtime-cli/src/test/kotlin/skillbill/cli/CliGoalOperatorDecisionRuntimeTest.kt,30,a7d53eaa6c640c97fcca687b6f96563153ddc646c9a47affdf876306d01b0ded
runtime-kotlin/runtime-cli/src/test/kotlin/skillbill/cli/CliGoalPurgeCommandTest.kt,129,b76ed747f7754fc942e46b498fcfa4d310e5ed58876f27b801adcc72a9e968d2
runtime-kotlin/runtime-cli/src/test/kotlin/skillbill/cli/CliGoalRepairRuntimeTest.kt,374,17421e9f822561ac6d555175f7133cc4457f26f9c2425f99a6b445394b911255
runtime-kotlin/runtime-cli/src/test/kotlin/skillbill/cli/CliGoalReplanOptionGateTest.kt,59,9e24b1911d844a1d3b83687994137a57820b1664982b131f7f1c84e2fe00eaf2
runtime-kotlin/runtime-cli/src/test/kotlin/skillbill/cli/CliGoalResetOptionGateTest.kt,149,b3c5c9c7b395e5a5eebccfe02d38547c93ca2e441d8e9521ec4f5c693a67db2b
runtime-kotlin/runtime-cli/src/test/kotlin/skillbill/cli/CliGoalRuntimeControlTest.kt,336,c1169609a3f10816869943f3bba401ada893611095f023f8cb719aa7db9793e7
runtime-kotlin/runtime-cli/src/test/kotlin/skillbill/cli/CliGoalRuntimeExecutionTest.kt,456,96c0abbdb638c39693ee9bff34e163a88d8840637d9465696754445ad0ebc285
runtime-kotlin/runtime-cli/src/test/kotlin/skillbill/cli/CliGoalRuntimeTest.kt,750,292ab32d5e25d3d0d65f9203cdef72b2a2eb43b9e369b492930cf5306740c282
runtime-kotlin/runtime-cli/src/test/kotlin/skillbill/cli/CliGoalRuntimeTestSupport.kt,751,ae202002887456d84cfcfa077736e06fbb2c2e054a2f6a2e7d901aea68915028
runtime-kotlin/runtime-cli/src/test/kotlin/skillbill/cli/CliGoalStatusDatabaseFailureTest.kt,139,3a3d9fb2c1698a2993f581a0628c920900596ac636ff19973e47258dca53cae3
runtime-kotlin/runtime-cli/src/test/kotlin/skillbill/cli/CliInstallApplyExternalAddonsRuntimeTest.kt,161,69dccf69ce454e23aa114e14606279b4adff17daed76b420681ed1c931b3aca1
runtime-kotlin/runtime-cli/src/test/kotlin/skillbill/cli/CliInstallMcpRuntimeTest.kt,236,83c2edc8a52a4f5b6d840fa903368d22de5a4de88ceae09b364fa763e173ddef
runtime-kotlin/runtime-cli/src/test/kotlin/skillbill/cli/CliInstallNativeAgentRuntimeTest.kt,159,f9f13119d2219165427245664cefc4c183adaf13fd1c8f51cdde9800b7f5afdb
runtime-kotlin/runtime-cli/src/test/kotlin/skillbill/cli/CliInstallPlanApplyRuntimeTest.kt,1222,341e954e2fd5fe6d923e22a834a9b1405baa2674ad1fb9d9ff5b400a114a74db
runtime-kotlin/runtime-cli/src/test/kotlin/skillbill/cli/CliInstallReconcileReportRuntimeTest.kt,119,f0123e04b1245203e5eb1f81164ad02e24658639809427433dc3230f3924e35b
runtime-kotlin/runtime-cli/src/test/kotlin/skillbill/cli/CliInstallReplayLastSelectionRuntimeTest.kt,208,2f3981d86737dd3040a57ccfa45930234a2d013748c2fdedf163522d11a41f13
runtime-kotlin/runtime-cli/src/test/kotlin/skillbill/cli/CliInstallRootsRuntimeTest.kt,216,9488e2b76e490b61abcee24204f858aa910358d97f15391305f33d8526083475
runtime-kotlin/runtime-cli/src/test/kotlin/skillbill/cli/CliInstallRuntimeTestSupport.kt,220,66c9142a30fa527e9b99ccdc7476437fb2e1f14359fdd4784f2f8566d02b2be6
runtime-kotlin/runtime-cli/src/test/kotlin/skillbill/cli/CliRunInputsRuntimeTest.kt,127,3f510757abb024a2f21887e1773c6cdcc8f1c027078067208e21e400bd5a8e0a
runtime-kotlin/runtime-cli/src/test/kotlin/skillbill/cli/CliRuntimeGoalStatsTest.kt,94,549f18f4a31e6bf96afd461735697bc4863df39c9724b108b1d80fe3454752b3
runtime-kotlin/runtime-cli/src/test/kotlin/skillbill/cli/CliRuntimeReviewLearningsTest.kt,264,e62e7a38a79f5d5680dc3dc25aa6f2f0e12c9543f0e6ac2c6c0285fca2fdae30
runtime-kotlin/runtime-cli/src/test/kotlin/skillbill/cli/CliRuntimeShellCommandsTest.kt,342,0c9ac6aa049298d5ebc1248549df4011f880f4169a00715136648ca7b1cc26e5
runtime-kotlin/runtime-cli/src/test/kotlin/skillbill/cli/CliRuntimeTelemetryTest.kt,133,9af278dce57b172381ea6f772954b2eb10b8f2a88eb7a4a242887b1ce4a3e767
runtime-kotlin/runtime-cli/src/test/kotlin/skillbill/cli/CliRuntimeTestSupport.kt,561,22949ad31f73c875faf1b2bded77935fca3a63e5c4e2bb7ae27c817d4aef94fe
runtime-kotlin/runtime-cli/src/test/kotlin/skillbill/cli/CliRuntimeUpdateTest.kt,246,2eda39522c5d4f5bd1cabd32fc33313a7e5e80110ec1af88621249e02944cf9e
runtime-kotlin/runtime-cli/src/test/kotlin/skillbill/cli/CliScaffoldRuntimeTest.kt,724,f5f474c7355b344a4d365d3621ec29dc53bd284b1207c42c7c880e628a77ec98
runtime-kotlin/runtime-cli/src/test/kotlin/skillbill/cli/CliTelemetryDrainAbandonmentTest.kt,79,f51e8eb94f6cd75a794c9c9a3339c90c12850f8b7a088985401bd342e3df324b
runtime-kotlin/runtime-cli/src/test/kotlin/skillbill/cli/CliTelemetryStatsWorkflowTest.kt,152,47ed0fb6a0090d837f066a447b66e141212d102b691e6315b72ae4ea43254aa7
runtime-kotlin/runtime-cli/src/test/kotlin/skillbill/cli/CliTestEnvironment.kt,22,3406acbe4b2c0e99b54c186b599c10514fb493bfb46928bb42f18098aba81a3c
runtime-kotlin/runtime-cli/src/test/kotlin/skillbill/cli/CliUninstallRuntimeTest.kt,125,4af384c00282979697244ef9a2f41637ca5a53b76a4cbbd34bea8b3deea2fc05
runtime-kotlin/runtime-cli/src/test/kotlin/skillbill/cli/CliWorkListRuntimeTest.kt,215,57ebb1dd08481b6848a703d71f6780bc943e3dee34b00ba4024a479e08b59c87
runtime-kotlin/runtime-cli/src/test/kotlin/skillbill/cli/CliWorkStatusTest.kt,143,85b362d783d1276a0eebb64baeecd2d43de4db8c74bb904c1cdfd8aa7c698ba6
runtime-kotlin/runtime-cli/src/test/kotlin/skillbill/cli/CliWorkflowContinuationRuntimeTest.kt,178,c183cdf68f4849a55cbb68f1401453ce60910c06a4e91d0f78b9ceb92d51d881
runtime-kotlin/runtime-cli/src/test/kotlin/skillbill/cli/GoalRunExitCodeTest.kt,37,f1009608bcaaf54d1b565eff23610b73e0ff50ac05ab018a66dc20c57cb20a19
runtime-kotlin/runtime-cli/src/test/kotlin/skillbill/cli/IdeStatusReadSnapshotConcurrencyTest.kt,253,163ab96f3590a689ed693d5c55d5a52f93d2c70398a3d9b81ba5990c5a201b7b
runtime-kotlin/runtime-cli/src/test/kotlin/skillbill/cli/InvokingAgentResolutionTest.kt,62,bf3ce39ce8f354198a70f5c5768ad264d79445e996ea898fdbe7faecf9e3a078
runtime-kotlin/runtime-cli/src/test/kotlin/skillbill/cli/RecordingRuntimeDiagnostics.kt,16,75b880756d19d184d755be19f958554118fa9110dd1f60a8a58f1b5c05ed25ed
runtime-kotlin/runtime-cli/src/test/kotlin/skillbill/cli/RecordingTelemetryRequester.kt,21,0a5b08145dd2868ed1f5a6ae05d45bb0e0b60587249387327a6f89fbbb3fc72d
runtime-kotlin/runtime-cli/src/test/kotlin/skillbill/cli/RemoveCliCommandTest.kt,245,700f8af92e31deaf9fff0c50ed4e79eca23aedd21a3bfb9c28077c68e70d7e50
runtime-kotlin/runtime-cli/src/test/kotlin/skillbill/cli/RuntimeWorkflowTestSupport.kt,104,6fec570c9f6f9e3e8b3893b4f8b8016d35c2f95a90614e1a190b9572e4e44607
runtime-kotlin/runtime-cli/src/test/kotlin/skillbill/cli/ScaffoldCliResultMappersTest.kt,234,5ae335bfec57f4be1fc0087718c23b69bc72e00db68c8f70b41075d619110772
runtime-kotlin/runtime-cli/src/test/kotlin/skillbill/cli/TelemetryCliResultMappersTest.kt,40,083dedaff20cfa0b87da38b31da848a5e78dcb231ccfbbabf381823f36a9176f
runtime-kotlin/runtime-cli/src/test/kotlin/skillbill/cli/TestRepositoryFingerprintOperations.kt,15,1436b52cb17f4ec33a762a9c662662dc5beea78da0c149069eaf9451f5b35273
runtime-kotlin/runtime-cli/src/test/kotlin/skillbill/cli/UninstallMutationFailurePolicyTest.kt,256,d196d4efd6a5c70311b59603617752bedc12b57d504c5536c20accfddd635cc1
runtime-kotlin/runtime-cli/src/test/kotlin/skillbill/cli/WorkflowCliResultMappersTest.kt,334,b88aabb1754d8205b633e4aae4d64cee972ac80ad575d28eb893a9422b5f7b93
runtime-kotlin/runtime-cli/src/test/kotlin/skillbill/cli/codereview/StandaloneCodeReviewTargetTest.kt,82,3acdaad72675ac744e8dab6cb0cb9e587abe416395a5837c99968e72e13031d1
runtime-kotlin/runtime-cli/src/test/kotlin/skillbill/cli/featuretask/FeatureTaskRuntimeStatusPresentationTest.kt,68,0a8445fe2f52b187109f1cba82062b58390cc41f6b391e9b415eb8562292db2b
runtime-kotlin/runtime-cli/src/test/kotlin/skillbill/cli/featuretask/RejectedOutputCommandsTest.kt,114,ec257695d9c037e7ca02e1e12bf11de6158accbd845ee6db6ece6ca6d3668253
runtime-kotlin/runtime-cli/src/test/kotlin/skillbill/cli/goal/GoalCliStatusPlanningWaveTest.kt,69,97cf808e4fa78be09b9521d03db1a0424a72ce42701dda18910dcc55435e2e04
runtime-kotlin/runtime-cli/src/test/kotlin/skillbill/cli/scaffold/ScaffoldCommandRequestParserTest.kt,271,15a38f6c282942eb02f409bea29528107f9b51af871d4cf72f85f2b53dd5aec7
