path,area,lines,sha256
runtime-kotlin/runtime-application/src/main/kotlin/skillbill/application/agentoutput/AgentFailureExcerpt.kt,agentoutput,38,deca32384d469d1326e0e0d4264d074688938679181b08b45d0ea25ff7000166
runtime-kotlin/runtime-application/src/main/kotlin/skillbill/application/agentrun/AgentRunGoalRunnerSubtaskLauncher.kt,agentrun,20,cb9a6601418a7051eac5f2eb616c2cdc32d3fe59b53d0cd46d459bcb5879ae42
runtime-kotlin/runtime-application/src/main/kotlin/skillbill/application/agentrun/AgentRunService.kt,agentrun,35,ebf44d49109d7ed07c3f2adc05af35104bb23564ce70a85632291a4f0dfde98e
runtime-kotlin/runtime-application/src/main/kotlin/skillbill/application/agentrun/model/AgentRunResults.kt,agentrun,29,d137cbdc7e7af87030c68d2358b7c8930ad406e456df05c598ef22d2fbcb0ea2
runtime-kotlin/runtime-application/src/main/kotlin/skillbill/application/config/ConfigResolutionService.kt,config,79,4163b910e6fc7c35a47fcdab09ed2c4b4291d8bb7ba5f39d33e96803868ce87b
runtime-kotlin/runtime-application/src/main/kotlin/skillbill/application/continuation/GoalContinuationCandidate.kt,continuation,5,09d1c4916a8053a2bae481ca7eb2075cf335020ac1923d68e7c6af5769190905
runtime-kotlin/runtime-application/src/main/kotlin/skillbill/application/continuation/model/GoalContinuationCandidate.kt,continuation,14,863b662a384cea523471c875c6944d823e9c5fb4b63feb9c36e7e0608d1b07e0
runtime-kotlin/runtime-application/src/main/kotlin/skillbill/application/decomposition/DecompositionManifestBranchNames.kt,decomposition,17,addc412e802085fc9522d1714939d0c231fd1c7a6418be3638fcd12ad1d67436
runtime-kotlin/runtime-application/src/main/kotlin/skillbill/application/decomposition/DecompositionManifestFileWrites.kt,decomposition,131,a3db02ee55c37bf5bbef03e63e3cd88193184b9692a7cf6b8ca884cdda08b350
runtime-kotlin/runtime-application/src/main/kotlin/skillbill/application/decomposition/DecompositionManifestPaths.kt,decomposition,17,e375496a0e1ddc7a6151924c67e92114cdc18e85e98d7a279dc9055b89dd405a
runtime-kotlin/runtime-application/src/main/kotlin/skillbill/application/decomposition/DecompositionManifestProjectionWorkflow.kt,decomposition,105,55c4d792ec761596ecb85f8125524c718c8abcf37824a699a303f678f5774411
runtime-kotlin/runtime-application/src/main/kotlin/skillbill/application/decomposition/DecompositionManifestRuntimeState.kt,decomposition,183,32a128fd574a1aee29770f05b726e1f01c84435ec323beebb8af12e0a63d66ac
runtime-kotlin/runtime-application/src/main/kotlin/skillbill/application/decomposition/DecompositionManifestRuntimeStateDerivation.kt,decomposition,196,e7344880d04353d1f9a1108c44cda9180b09b11290d42541421ba6c0e7ec98e7
runtime-kotlin/runtime-application/src/main/kotlin/skillbill/application/decomposition/DecompositionManifestSubtaskTransitions.kt,decomposition,50,c25c53b096e6cd37dc80b4660f0264cce09ba8215e2aafad62e2ab6e806ab684
runtime-kotlin/runtime-application/src/main/kotlin/skillbill/application/decomposition/DecompositionManifestWriteGuard.kt,decomposition,35,005d9c006d4b5cf19260b4be6f3d27e19a185756c7dbb5dddf6ba8cb1209f6c0
runtime-kotlin/runtime-application/src/main/kotlin/skillbill/application/decomposition/DecompositionManifestWriter.kt,decomposition,369,18fb32b84aaf99f335c47d99e43b00019fd15bc987d315041d9bba27c5cc614c
runtime-kotlin/runtime-application/src/main/kotlin/skillbill/application/decomposition/DecompositionManifestWriterPaths.kt,decomposition,66,10da9dc6aea5040d3b5cfc0f0c194e9db7339f57cf2f4d87603eb6df27eeb8e5
runtime-kotlin/runtime-application/src/main/kotlin/skillbill/application/decomposition/DecompositionManifestWriterPlan.kt,decomposition,143,226be7eaf61b33fa4e2d5e0ae0932f54e29fc6a4e21e0a53f4e3246921f18263
runtime-kotlin/runtime-application/src/main/kotlin/skillbill/application/decomposition/model/DecompositionPersistenceModelAliases.kt,decomposition,15,89afcbc5cfe0282909783a06223762dd52f28d56a7b0e832324ec6f06f967f42
runtime-kotlin/runtime-application/src/main/kotlin/skillbill/application/decomposition/model/DecompositionPlanningOptions.kt,decomposition,17,50ae8b69e9aa760fb1995a1905c5c3ca9524ccbb8b804437f187a80a54a625aa
runtime-kotlin/runtime-application/src/main/kotlin/skillbill/application/decomposition/model/PreparedDecompositionManifestWrite.kt,decomposition,12,3dadbfdc9752b7060d84254e0589ecad2fb15b6701f57dcfdd52e5d0b00d69ae
runtime-kotlin/runtime-application/src/main/kotlin/skillbill/application/decomposition/model/RetryDecompositionManifestProjectionArgs.kt,decomposition,18,a4339e6581673cdfea24dde144be0c12d4da333b8263f56eb324685436a0131b
runtime-kotlin/runtime-application/src/main/kotlin/skillbill/application/diagnostics/RejectedOutputDiagnosticService.kt,diagnostics,197,b8e938ec93b02b6c87c7de807df2a743b23f51deb1c76a58541d460bedaf1e2b
runtime-kotlin/runtime-application/src/main/kotlin/skillbill/application/diagnostics/model/RejectedOutputDiagnosticModels.kt,diagnostics,49,748b6bf0df0757e4ac7ecbc826e6acc851c35ea9003551b2d0df30bf3bce45f3
runtime-kotlin/runtime-application/src/main/kotlin/skillbill/application/featurespec/FeatureSpecPreparationRuntime.kt,featurespec,17,752e639d662035753758d9e4fbfbb51b2be63a1d605027d74785f46e263cba52
runtime-kotlin/runtime-application/src/main/kotlin/skillbill/application/featurespec/FeatureSpecPreparationWriter.kt,featurespec,315,40923d40795ec02bee61b155f3be07fc270fc6eb83106ef9c63d27ecb6675dd1
runtime-kotlin/runtime-application/src/main/kotlin/skillbill/application/idestatus/AgentActivityStampWriter.kt,idestatus,105,4dc413862e032c95393ac6b247176c5afd29542f2247245364b21c74a25c5fbe
runtime-kotlin/runtime-application/src/main/kotlin/skillbill/application/idestatus/model/IdeStatusModels.kt,idestatus,399,24ba266f63cfe4a6bceecb32a1392320e876ebabddadf786a1e6f85d7aa78bbf
runtime-kotlin/runtime-application/src/main/kotlin/skillbill/application/idestatus/model/IdeStatusProblemDetails.kt,idestatus,9,2bb0818f986129fca8c56337f0cf557ab2d61cfa9490da4d1d0c5e32fd6d62dd
runtime-kotlin/runtime-application/src/main/kotlin/skillbill/application/install/ExternalAddonOverlayService.kt,install,44,3845e02764faed42f7a4dff6fe9083430088e1e4323c596429fa18011c5876ce
runtime-kotlin/runtime-application/src/main/kotlin/skillbill/application/install/InstallPlanningPolicyMappers.kt,install,34,af91d7cabb124751207377275e9d3299f1f67d4bff69d10cce4184de732933fe
runtime-kotlin/runtime-application/src/main/kotlin/skillbill/application/install/InstallPlanningPorts.kt,install,13,2da99a374fd99b129d0c0a1f382c8dd47c755e07f0a1f4f9e92d83cf5f8a26b2
runtime-kotlin/runtime-application/src/main/kotlin/skillbill/application/install/InstallReconcilePorts.kt,install,13,52ed1c7d43ed260018ae201966cb74eade0130d8cfa588b1862fb60f60ca8378
runtime-kotlin/runtime-application/src/main/kotlin/skillbill/application/install/InstallService.kt,install,174,7bbc4c5299e3b34a1436bd3096e1a1d525d0b23e366c59aa1f4465cf046a2de8
runtime-kotlin/runtime-application/src/main/kotlin/skillbill/application/learning/LearningContractMappers.kt,learning,42,f4e5998138f034703c4ed7fca46b636680794e9cf4b8717c10017186283516a3
runtime-kotlin/runtime-application/src/main/kotlin/skillbill/application/learning/LearningService.kt,learning,105,a6db945e629ecb05645fb214e71dd133bcd65e6942cc3effd2091d6c1dec4e7a
runtime-kotlin/runtime-application/src/main/kotlin/skillbill/application/learning/model/LearningInputs.kt,learning,22,0526d91cd73c151d0ca986e44fcbdc5ae9a82a5a7406128008b7ee82c04f7077
runtime-kotlin/runtime-application/src/main/kotlin/skillbill/application/learning/model/LearningResults.kt,learning,28,8744ae649c1077b30c2c5095b4b5796ada6f312c739ac97d84ac13a78c1047e2
runtime-kotlin/runtime-application/src/main/kotlin/skillbill/application/review/ParallelCodeReviewEvidenceCoordinates.kt,review,32,3d0b95d463ff7d9615432e6ff99378e834eee2776099faa9402c094151f6e8dd
runtime-kotlin/runtime-application/src/main/kotlin/skillbill/application/review/ParallelCodeReviewInlineCoverageContinuation.kt,review,194,5a63ca40b94e973f61d4358289c357ed2f8de26e8f4c2c2e0fdecdab99f61df8
runtime-kotlin/runtime-application/src/main/kotlin/skillbill/application/review/ParallelCodeReviewPassClaims.kt,review,32,a811bdc49e1ae920723e9af4d8bcde5a9c4713c663d05bfed988b54112ba2d42
runtime-kotlin/runtime-application/src/main/kotlin/skillbill/application/review/ParallelCodeReviewRunner.kt,review,185,e4ea1ce241aeb9bd237b051b9174d76c24e8d38446186bdfcd42da09954cbd1b
runtime-kotlin/runtime-application/src/main/kotlin/skillbill/application/review/ParallelCodeReviewRunnerFailureAdmission.kt,review,173,b16cabf2772e76296b5f1ffcef52ff36d02507efb1c326f799c98b61e6d360c5
runtime-kotlin/runtime-application/src/main/kotlin/skillbill/application/review/ParallelCodeReviewRunnerLaneLaunch.kt,review,377,96d92e30f49e69331e35a42ac23fd5360802eacc01dffebcaedd2e8b5ff32a41
runtime-kotlin/runtime-application/src/main/kotlin/skillbill/application/review/ParallelCodeReviewRunnerLanePlanRecording.kt,review,112,122df8d42cf6a588743b7055755faef96eeb7f24807f3c5a52f32dcdf4be1c31
runtime-kotlin/runtime-application/src/main/kotlin/skillbill/application/review/ParallelCodeReviewRunnerModels.kt,review,243,d865b72f02055e7dfb33064ddef142c3ebda7af16b8423f04823a80361db4351
runtime-kotlin/runtime-application/src/main/kotlin/skillbill/application/review/ParallelCodeReviewRunnerParentPrompt.kt,review,129,c908b49f6f84e6bc37582c929e6ce8b225d871c2195af161020253a953ee10ec
runtime-kotlin/runtime-application/src/main/kotlin/skillbill/application/review/ParallelCodeReviewRunnerPlanning.kt,review,193,2d42a7702a12c42eaede9ab6d54bda0961327453ac4f9e6fb86634349c47a369
runtime-kotlin/runtime-application/src/main/kotlin/skillbill/application/review/ParallelCodeReviewRunnerPlanningLaneMap.kt,review,129,ca2bc999a8c83547e3a6d0fedc6ec7774230ab0ce615648e7b9ef2c749c024ec
runtime-kotlin/runtime-application/src/main/kotlin/skillbill/application/review/ParallelCodeReviewRunnerPlanningRevisions.kt,review,77,9b1f9d6d6b4bb73003620a456f972b96cf3a84da0004fc393783e140421a7d19
runtime-kotlin/runtime-application/src/main/kotlin/skillbill/application/review/ParallelCodeReviewRunnerResultAssembly.kt,review,514,9469a753305f63aa9c9734d42d6af9971a5d667978ce3da7a38ae7e1941bd1e7
runtime-kotlin/runtime-application/src/main/kotlin/skillbill/application/review/ParallelCodeReviewRunnerRubricPlanning.kt,review,141,b15dd5ba33822a9a50542f93c52381657b5e96a088ce652a8e0c4a2a8d016543
runtime-kotlin/runtime-application/src/main/kotlin/skillbill/application/review/ParallelCodeReviewRunnerVerificationStages.kt,review,332,eec1492a4992f83277887e59129e18abe5816c57bf4d0e6e73052c3a8c821c40
runtime-kotlin/runtime-application/src/main/kotlin/skillbill/application/review/ParallelReviewPreparationCompiler.kt,review,322,0db2b9c872479a0c582242da235c66c810f4853df591927de9a7aa71cc499f64
runtime-kotlin/runtime-application/src/main/kotlin/skillbill/application/review/RequestedReviewMode.kt,review,12,e890b2e8765623470a9b811fc30b73745ed573984f513af2c2cc85a5bdb7ae76
runtime-kotlin/runtime-application/src/main/kotlin/skillbill/application/review/ReviewAccountingProjection.kt,review,90,ff239e0a7418c8b938ce7d8e675cb2fc352830e84ddd72bf5f4632aee0244063
runtime-kotlin/runtime-application/src/main/kotlin/skillbill/application/review/ReviewClaimVerificationLaunch.kt,review,39,961b6e2fbcd63a31141a4476b118755146702018724e2cacc2981e04fe777ae6
runtime-kotlin/runtime-application/src/main/kotlin/skillbill/application/review/ReviewClaimVerificationRunner.kt,review,386,505f52595359879be21b5c196bdebc51bb25b16ff3925fb12ac2688ea9d87bd9
runtime-kotlin/runtime-application/src/main/kotlin/skillbill/application/review/ReviewCommitEnvelopeFragments.kt,review,105,4d4514de307573c36f1151ec6728370ddc0a36cf51ebdc980a3cf6ae3dcb3e9c
runtime-kotlin/runtime-application/src/main/kotlin/skillbill/application/review/ReviewCommitSequenceResolver.kt,review,28,59b3be19b5bcd7152e38d77b00d640cdc96b5aa3a42e70e4eb352b04354ab568
runtime-kotlin/runtime-application/src/main/kotlin/skillbill/application/review/ReviewContractMappers.kt,review,126,d0c5ac9c27fc915670eac32cc060cfb8f223aa72097926180bbac79f5f4f6369
runtime-kotlin/runtime-application/src/main/kotlin/skillbill/application/review/ReviewEnvelopeFragments.kt,review,95,5dbe30fc5465ba369730ecdef25a1c4b99a191490665dde68550ab79eb6a85cc
runtime-kotlin/runtime-application/src/main/kotlin/skillbill/application/review/ReviewHunkStoreIndexing.kt,review,144,15ab56dd79d339c250c9e33800289b59fb529bbd78b65b4771bc869ebf368bb3
runtime-kotlin/runtime-application/src/main/kotlin/skillbill/application/review/ReviewIntegrationPassRunner.kt,review,195,9d9039e62caafd826652c7eb3456d2cd7f57c6151defebf79442b1c6b2c45f40
runtime-kotlin/runtime-application/src/main/kotlin/skillbill/application/review/ReviewLocatorHunkBodyExtractor.kt,review,9,2ed2a17813c83b8fa715f18d2e4d2aada36bcba51e9eda18f9690def941da0d9
runtime-kotlin/runtime-application/src/main/kotlin/skillbill/application/review/ReviewPacketProjection.kt,review,233,9870153317d37057307c14f299e31393459fd6f28cc25fe40786bcd4ec5ea505
runtime-kotlin/runtime-application/src/main/kotlin/skillbill/application/review/ReviewPacketProjectionEnvelope.kt,review,17,52150c301422b25df1e28a88fbea2d2fde4605e89c5f45e54ac837eadf42ae50
runtime-kotlin/runtime-application/src/main/kotlin/skillbill/application/review/ReviewPreparationService.kt,review,388,689d1a478a1fc9b62eb2784d866c85b0985c17d092e401317a270d177368e7e4
runtime-kotlin/runtime-application/src/main/kotlin/skillbill/application/review/ReviewService.kt,review,123,b0410d2d103dd5a380764e0889128dc4ceda483af146d7cd3a848d6e53c404b6
runtime-kotlin/runtime-application/src/main/kotlin/skillbill/application/review/ReviewServiceLaneComposition.kt,review,46,9d49a24a25e1ac3a2936b64381182bcf3481b61332851530d4612dd7545da312
runtime-kotlin/runtime-application/src/main/kotlin/skillbill/application/review/ReviewServiceStatsQueries.kt,review,57,1c753a5dcdad7f2666f0d41f413a8ffddfd9498ab04790d92c82709734ef259d
runtime-kotlin/runtime-application/src/main/kotlin/skillbill/application/review/ReviewServiceTriage.kt,review,99,f4c04a2d2eaad9f01fd2d1834b20495416121b77714d0ab1c2f820223e7610a8
runtime-kotlin/runtime-application/src/main/kotlin/skillbill/application/review/ReviewSnapshotPruneService.kt,review,42,aa0b531400481a05bb614a9ef29b44ad05a4ae058e63461529dac894018c3623
runtime-kotlin/runtime-application/src/main/kotlin/skillbill/application/review/ReviewSpecAdjudicationRunner.kt,review,348,952e7b82164c3520a7407550a2628b8a80c9f2d7eee7a6e08311fae5622a57ba
runtime-kotlin/runtime-application/src/main/kotlin/skillbill/application/review/ReviewSpecIntentProjectionWire.kt,review,18,2e588bcf9ec6f927bc3f3c2e5a855aabe0ac0f14dc1cdb5d4fbe6db059deb14e
runtime-kotlin/runtime-application/src/main/kotlin/skillbill/application/review/ReviewStageResumeSelection.kt,review,42,8bb7cb5fcd8cae5d31222ea704210213bf086e5541a64b0057ea9c75bf0cc97c
runtime-kotlin/runtime-application/src/main/kotlin/skillbill/application/review/ReviewStatsContractFindingPayloadMappers.kt,review,67,b83c92f3a58daf6dea2be6c794c2981736210d6f77cd62ade1914d5b3febaef0
runtime-kotlin/runtime-application/src/main/kotlin/skillbill/application/review/ReviewStatsContractMappers.kt,review,37,829b20322f1922d0ffecffc7b02214c5dd8885b373a0f3be279038dba67698fc
runtime-kotlin/runtime-application/src/main/kotlin/skillbill/application/review/ReviewStatsContractStageMetricsPayloadMappers.kt,review,39,9749eb31b803f41fc39a4e89932c65fb0222ebf90718b7ce56d4377cacb13430
runtime-kotlin/runtime-application/src/main/kotlin/skillbill/application/review/ReviewStatsContractWorkflowPayloadMappers.kt,review,112,f1e949eb9efcf6d6e42536a3f0090745b697ed98d07a853d92d53c1c8f85aaa8
runtime-kotlin/runtime-application/src/main/kotlin/skillbill/application/review/RuntimeOwnedReviewMode.kt,review,24,768fd8a8f633d327a5b73b9ae1ad04719aa7f13a70e4b0c67bb532745aac2502
runtime-kotlin/runtime-application/src/main/kotlin/skillbill/application/review/SpecIntentProjectionExtractor.kt,review,124,16fa791a15f9a35c31cfff845976a6b5ed1877bf4ad3517543a3e7d7e2281c45
runtime-kotlin/runtime-application/src/main/kotlin/skillbill/application/review/SpecIntentProjectionResolver.kt,review,202,f947f9e576e4ce5103892be35c64614e455562909de3450bd5d4cb81470d44ce
runtime-kotlin/runtime-application/src/main/kotlin/skillbill/application/review/SpecIntentProjectionWireMap.kt,review,18,c3522b302a1b7fc6d5f2f77251acd038404c6bfea94002d7a7448901d19c4c8f
runtime-kotlin/runtime-application/src/main/kotlin/skillbill/application/review/model/CodeReviewExecutionMode.kt,review,5,3c4fb30a2991b6897b97720f9b647565feca32e06ec5f0f306ce94aa7d7483e4
runtime-kotlin/runtime-application/src/main/kotlin/skillbill/application/review/model/ParallelCodeReviewModels.kt,review,130,1d81695f67ec0e8cfdc3812aa6b75d09279d8aef9d0c36757e0a63948bb45dde
runtime-kotlin/runtime-application/src/main/kotlin/skillbill/application/review/model/ParallelCodeReviewRunnerBoundaries.kt,review,51,770364076633ef1d1363632e9d2cd28e42933c8edc4a7389148412dce14428f8
runtime-kotlin/runtime-application/src/main/kotlin/skillbill/application/review/model/ReviewContextEnvelope.kt,review,23,ec0b631b917ffd2a3d49e794553a499e150dd8c7fab51b369a28984effa13f42
runtime-kotlin/runtime-application/src/main/kotlin/skillbill/application/review/model/ReviewPreparationModels.kt,review,27,e8004cfefef21684388008f1afa4073751d590a972be429257595cffc545fdaf
runtime-kotlin/runtime-application/src/main/kotlin/skillbill/application/review/model/ReviewResults.kt,review,72,98aa2d87d4564220eeabbc911713cddd008d2bbd61fc201485aca6bca2849482
runtime-kotlin/runtime-application/src/main/kotlin/skillbill/application/review/model/ReviewSnapshotPruneResult.kt,review,15,1afa877b2c18daa106eb70eaa716d8ce6d37d74356287f02e4b5cce5cbda6538
runtime-kotlin/runtime-application/src/main/kotlin/skillbill/application/review/model/ReviewSpecialistLaunchModels.kt,review,40,8cb97fac78c24f1ae0a4b8bc71dd4d3798b16d693ab764692bf705d5513c7ced
runtime-kotlin/runtime-application/src/main/kotlin/skillbill/application/review/model/ReviewStageRunnerOutcomes.kt,review,20,656638e28fd1edc441bcc79613698f5cbb93ca6021e92285b493372db9f194e8
runtime-kotlin/runtime-application/src/main/kotlin/skillbill/application/review/model/ReviewStageRunnerRequests.kt,review,42,0d02c00281d4290de771390350f5da114ff60a37720852fe19d287d6b82cbb15
runtime-kotlin/runtime-application/src/main/kotlin/skillbill/application/reviewevidence/FeatureTaskRuntimeSharedReviewEvidenceResolver.kt,reviewevidence,91,fcd19b8bccde77105f3d7f71744a69f430ab8cf26d2aabbfac85c784985de3b5
runtime-kotlin/runtime-application/src/main/kotlin/skillbill/application/reviewevidence/ReviewCommitSequenceModels.kt,reviewevidence,13,7518686e857a21ff0893f727bc91052833717b0b828b98e59c3f344ff3f68f9c
runtime-kotlin/runtime-application/src/main/kotlin/skillbill/application/reviewevidence/ReviewDiffEvidence.kt,reviewevidence,43,55f6b5756d150886079e3ede9cc466bc5fd671ed598f828c0b230b37634117ae
runtime-kotlin/runtime-application/src/main/kotlin/skillbill/application/reviewevidence/ReviewDiffEvidenceGitPathDecoding.kt,reviewevidence,119,38aad63d568786deae00ecc297b6df270dcc513434583bc4c99b3cb7c8eb9a65
runtime-kotlin/runtime-application/src/main/kotlin/skillbill/application/reviewevidence/ReviewDiffEvidenceParsing.kt,reviewevidence,49,1e27ac7a3b74ec17a303afc3cb79fc5bb69f87786e4df6acfa58daa1fd1766b3
runtime-kotlin/runtime-application/src/main/kotlin/skillbill/application/reviewevidence/ReviewDiffEvidencePathParsing.kt,reviewevidence,73,6374fe2e6f9b8ecbe8ea7c156231380df7bc7c73c84827d5f16bcaf261f929d2
runtime-kotlin/runtime-application/src/main/kotlin/skillbill/application/reviewevidence/ReviewEvidenceScopeModels.kt,reviewevidence,7,38137e89e4e3f9ecbf7631aa1e80374ded8613e8b67b6024a064d765504cab3b
runtime-kotlin/runtime-application/src/main/kotlin/skillbill/application/reviewevidence/SharedReviewEvidenceAssembly.kt,reviewevidence,177,a5c1561af5a18c3649267d3e777316a2a22abcce0ebdb7826881eaa46ee73ca5
runtime-kotlin/runtime-application/src/main/kotlin/skillbill/application/reviewevidence/SharedReviewEvidenceCodec.kt,reviewevidence,71,013e5164f6637baf6a4df6ffc95027e87f7a372edd13da37348ec3990e0a72ab
runtime-kotlin/runtime-application/src/main/kotlin/skillbill/application/reviewevidence/SharedReviewEvidenceResolution.kt,reviewevidence,105,a5d678d8362ac2923d18ddc80a182c2feffe729bae8a6232ecc7affd52a76e5f
runtime-kotlin/runtime-application/src/main/kotlin/skillbill/application/reviewevidence/model/FeatureTaskRuntimeSharedReviewEvidenceResolved.kt,reviewevidence,9,9ccb376b1fd7c7773a251d294dc47a22ebfdfc5b8e24a072c774afe4515af93f
runtime-kotlin/runtime-application/src/main/kotlin/skillbill/application/reviewevidence/model/ReviewEvidenceScopeModels.kt,reviewevidence,12,94e32fab71879b5415f7fd3f9358042156cac8b9a8df91915fe366b311e8c228
runtime-kotlin/runtime-application/src/main/kotlin/skillbill/application/runtime/RuntimeSingleton.kt,runtime,7,5bb6e679dcec5390d292d0b74bc866dc4430f88a5846afc9d4dcdc03b9cce0a6
runtime-kotlin/runtime-application/src/main/kotlin/skillbill/application/runtimepersistence/RuntimeOwnedPersistenceBoundary.kt,runtimepersistence,70,c99e6d245f7505829329a8ed8ec615fe2b0aca3e784586e3bc4c10b6bfd23649
runtime-kotlin/runtime-application/src/main/kotlin/skillbill/application/scaffold/InstallAgentService.kt,scaffold,58,56cc29cc9f2d2e5d81dadca8edda5ae0e74ceca791865b92e52bdd2174cf37f2
runtime-kotlin/runtime-application/src/main/kotlin/skillbill/application/scaffold/SkillRemove.kt,scaffold,137,a230777e796d7b75988cb39aab7d8e9a359d470731b81c921b4e2908c68b047e
runtime-kotlin/runtime-application/src/main/kotlin/skillbill/application/specsource/SpecSourceResolver.kt,specsource,37,de5dfe0a88eb0b401c7f623b3fdba3a6c00ae8d2debc9f428f186b3486e69eb2
runtime-kotlin/runtime-application/src/main/kotlin/skillbill/application/system/RuntimeProvenanceService.kt,system,78,1f5590368fd1ba6f70aaefc5d9e141d4a687f071d35bed1cdc29b69bc1186189
runtime-kotlin/runtime-application/src/main/kotlin/skillbill/application/system/SystemService.kt,system,29,ae44ac7b1b2c40fa2b5d1249992719e2d4f27210c35bdb3bbe149085457c62f6
runtime-kotlin/runtime-application/src/main/kotlin/skillbill/application/telemetry/BlockedReasonNormalizer.kt,telemetry,24,52075bc2edd64918063c0472b0f216c260f220769498aa3483eb36ea03a6c2f7
runtime-kotlin/runtime-application/src/main/kotlin/skillbill/application/telemetry/CommonTelemetryValidators.kt,telemetry,13,5bb3b38cce800c3e411a4df37ec92e02e07c9fe15f6698f1269982cad99d26d7
runtime-kotlin/runtime-application/src/main/kotlin/skillbill/application/telemetry/FeatureVerifyTelemetryValidator.kt,telemetry,13,f14b0c32b77c033510fb4d4b912566ea13ea7b13204caf09ed4b0d6499016216
runtime-kotlin/runtime-application/src/main/kotlin/skillbill/application/telemetry/GoalLifecycleTelemetryEmitter.kt,telemetry,28,ee966a00ae14426a24df57e066c0d7ac41787031b96d3bcefd3b7c5efef49d03
runtime-kotlin/runtime-application/src/main/kotlin/skillbill/application/telemetry/GoalTelemetryRecordMappers.kt,telemetry,64,d7f845a12bae546c8f2f93f7ce875bc946c17cd2c75455b0cae8ad72c3b4d0d9
runtime-kotlin/runtime-application/src/main/kotlin/skillbill/application/telemetry/LifecycleTelemetryGoalEmission.kt,telemetry,123,8cc7d69fc84f9515d7907f72eb86bf9d210a2633479df5d06091981c4bc41847
runtime-kotlin/runtime-application/src/main/kotlin/skillbill/application/telemetry/LifecycleTelemetryIds.kt,telemetry,18,07ab3fd31d1e86e88f24c16a6f5f224c35af8d101ab748e377514a757eed0cbe
runtime-kotlin/runtime-application/src/main/kotlin/skillbill/application/telemetry/LifecycleTelemetryPayloads.kt,telemetry,164,d175886be7f592c0cd66cb2a1a2a4bc16ae99572a0da69e4016adaa987ddb079
runtime-kotlin/runtime-application/src/main/kotlin/skillbill/application/telemetry/LifecycleTelemetryRecordMappers.kt,telemetry,104,9f960d5901b931501e2f375e50db365574af0ba7768707f3c3404c53dd950149
runtime-kotlin/runtime-application/src/main/kotlin/skillbill/application/telemetry/LifecycleTelemetryService.kt,telemetry,117,43bc97805756684d3b5fcf1d54cc3b3db566b94adb9e937f870a10cee04ef387
runtime-kotlin/runtime-application/src/main/kotlin/skillbill/application/telemetry/PrDescriptionEditDetection.kt,telemetry,13,b4fd943b6f7127e1b9ef0253de661a51d4633a232fa7f2004144a67d7c6c300f
runtime-kotlin/runtime-application/src/main/kotlin/skillbill/application/telemetry/QualityCheckTelemetryValidator.kt,telemetry,13,d6091149c2deea7c2893528419a4555ffb82542c453349a08923144153f1a13d
runtime-kotlin/runtime-application/src/main/kotlin/skillbill/application/telemetry/RuntimeExceptionTelemetry.kt,telemetry,34,c5f3d23b395f49cfb67af38520ae77ad7879d4b69412a654e1e02b98212e43ce
runtime-kotlin/runtime-application/src/main/kotlin/skillbill/application/telemetry/TelemetryLevelMutationService.kt,telemetry,39,dc702c4fb813625c0bfa4c1063cd22af012286f38393402dd82d52855024f80f
runtime-kotlin/runtime-application/src/main/kotlin/skillbill/application/telemetry/TelemetryService.kt,telemetry,221,93adfdd68da888e0e6ee491304af677fe770aee5b482e8210b5e146fd6704963
runtime-kotlin/runtime-application/src/main/kotlin/skillbill/application/telemetry/config/TelemetryConfigMutationRuntime.kt,telemetry,32,b22d33356ae8ae390f5c759c61fbccd19f4d6e2f9ec7f33a7cb2d4ac612afcc4
runtime-kotlin/runtime-application/src/main/kotlin/skillbill/application/telemetry/config/TelemetryConfigMutations.kt,telemetry,73,8f8ffc9a17b29fdebc698c2d2ad85b81c9ce4a5bb77cd7a348c5d1bc4c92a442
runtime-kotlin/runtime-application/src/main/kotlin/skillbill/application/telemetry/config/TelemetryConfigRuntime.kt,telemetry,37,cacc57036c3a8b4a672157746b5621da226fd6f7a8f4b00496aa1231a64db09b
runtime-kotlin/runtime-application/src/main/kotlin/skillbill/application/telemetry/config/TelemetrySettingsFromStore.kt,telemetry,127,69ded47e77ed31f43f447b73356962147f46f56026c4edfbb8e8bec38fdda71f
runtime-kotlin/runtime-application/src/main/kotlin/skillbill/application/telemetry/http/TelemetryHttpRuntime.kt,telemetry,22,e0a2eea3c6a02ce14cdd0b28125b8fbf4f84b59a987b87b338e967cde3e26dac
runtime-kotlin/runtime-application/src/main/kotlin/skillbill/application/telemetry/model/LifecycleTelemetryRequests.kt,telemetry,171,0b89677f993620dc40cc7c2a70d93915b3b7a78db9a37dc1051fc282828f6812
runtime-kotlin/runtime-application/src/main/kotlin/skillbill/application/telemetry/model/TelemetryResults.kt,telemetry,54,0a40a1fb40ca0420ce0512d5419a71af352209888e88f0965d08dae69e3cfd75
runtime-kotlin/runtime-application/src/main/kotlin/skillbill/application/telemetry/model/TelemetrySyncPayload.kt,telemetry,6,0308d1af99f93136d64e8b14bb6a3bfbb1d3d6d4488afd28d316f001c6d7432d
runtime-kotlin/runtime-application/src/main/kotlin/skillbill/application/telemetry/settings/DefaultTelemetrySettingsProvider.kt,telemetry,20,8b3c35394920bf8eeeac0edf7c8ec487c3a80f67d38f403c653944c943cdb255
runtime-kotlin/runtime-application/src/main/kotlin/skillbill/application/telemetry/settings/TelemetrySettingsLoading.kt,telemetry,42,59ab805aa4b9bf445604f145eb1f4654f5f220c39234790951ff123c4f31960e
runtime-kotlin/runtime-application/src/main/kotlin/skillbill/application/telemetry/sync/SyncContext.kt,telemetry,97,8eba71044131aa96fab208b68e49673180007b8e3b68fc0a9dbd3302a96631bf
runtime-kotlin/runtime-application/src/main/kotlin/skillbill/application/telemetry/sync/TelemetryOutboxDrain.kt,telemetry,261,420387a7f34ba2bfb0bdd83a967117738d873a7e4ac3608e2ecf8ba9ebb9eb4b
runtime-kotlin/runtime-application/src/main/kotlin/skillbill/application/telemetry/sync/TelemetrySyncRuntime.kt,telemetry,101,a02b6f459d7c735c354d746235949ed169e0db478ce9e42414aee4ce6201f2c1
runtime-kotlin/runtime-application/src/main/kotlin/skillbill/application/updatecheck/UpdateCheckService.kt,updatecheck,175,b7da5c2d18f4e4d72c9b0bfa74639b30af3d23003a58eccd3f731818173f677d
runtime-kotlin/runtime-application/src/main/kotlin/skillbill/application/updatecheck/model/Semver.kt,updatecheck,72,2b8849dbf71990a7d5b67e12dad7851dfa99df9d4a533d9a483e5e0fd00d746b
runtime-kotlin/runtime-application/src/main/kotlin/skillbill/application/updatecheck/model/UpdateCheckModels.kt,updatecheck,21,5578b9e5ea3ec462287d8772eb9db625e67984505a5387176ad226e83b316d40
runtime-kotlin/runtime-application/src/main/kotlin/skillbill/application/work/WorkListService.kt,work,71,009a399c79983aa5c1eefbe33aa24b22fb69eaa5e34f58eefae39d74b727d742
runtime-kotlin/runtime-application/src/main/kotlin/skillbill/application/work/model/WorkListModels.kt,work,25,478ccd62a0d91b7e4e04f482da7cafc0692affaa1c1b9d1d84fd71705d6fd4d9
runtime-kotlin/runtime-application/src/main/kotlin/skillbill/application/workflow/ContinuationStepResult.kt,workflow,132,40ead0e5b0df8b00c9ad2b736b651c914966f4974f5ea85adc4e313a02e92069
runtime-kotlin/runtime-application/src/main/kotlin/skillbill/application/workflow/DecompositionWorkflowContinuation.kt,workflow,295,e52017cb396d25869c42ce3d55e6019446f04fa1b0f1206d8842affb11a6ecf5
runtime-kotlin/runtime-application/src/main/kotlin/skillbill/application/workflow/DecompositionWorkflowContinuationAdvancement.kt,workflow,187,aba9dafc324c3947b9e8a98a6b45cb13e3a61c14b594e1df63bba4952e75687a
runtime-kotlin/runtime-application/src/main/kotlin/skillbill/application/workflow/DecompositionWorkflowResumeAlignment.kt,workflow,221,89a410adb7af9e3d256c29e400a21a4da495912ed7244dbdd0df72c56f668453
runtime-kotlin/runtime-application/src/main/kotlin/skillbill/application/workflow/DecompositionWorkflowRuntimeLookup.kt,workflow,102,4035e0cfc29ff15fcc23166cef17a3351fb25df3b1f9803613d0f0df9d788b4e
runtime-kotlin/runtime-application/src/main/kotlin/skillbill/application/workflow/DecompositionWorkflowRuntimeLookupGoalContinuation.kt,workflow,45,98f9643aa46a4e0022b9560f204f6fb917b016afe94a7ad041f8661cc29420b2
runtime-kotlin/runtime-application/src/main/kotlin/skillbill/application/workflow/DecompositionWorkflowRuntimeLookupParentDiscovery.kt,workflow,93,bbd29125b05494f69c662af22e4e8c6b4aa1ee3f6d84a4313683ff0a535b4a58
runtime-kotlin/runtime-application/src/main/kotlin/skillbill/application/workflow/GoalBlockedPhaseRetryProjection.kt,workflow,81,9ffb23fde0df1d9dbeaf461137b8eb9f66511ee613a8cd46719c593d350b6d1f
runtime-kotlin/runtime-application/src/main/kotlin/skillbill/application/workflow/LegacyGoalRunnerControlMigration.kt,workflow,96,29b2273736afef077ce26cdab3aa965b80f1941ac79598592c0b92c017fdeb9f
runtime-kotlin/runtime-application/src/main/kotlin/skillbill/application/workflow/WorkflowFamilyKindMapping.kt,workflow,11,27fd233f9eeb55bd550e140e5b60c660e01274ebe08ad9d28faeb3fe8714d475
runtime-kotlin/runtime-application/src/main/kotlin/skillbill/application/workflow/WorkflowService.kt,workflow,376,4fa898ade99baa8b5340bef79e8dcd3895ca1847e1472957b79f230019b56691
runtime-kotlin/runtime-application/src/main/kotlin/skillbill/application/workflow/WorkflowServiceArtifactDecoding.kt,workflow,53,4a46013a3490537343fd9403070186936c10ac1c4cc0983022afba9b817072ad
runtime-kotlin/runtime-application/src/main/kotlin/skillbill/application/workflow/WorkflowServiceBlockedPhaseRetry.kt,workflow,246,44f48b16447ee7db95f4dae31d3e1a372b88ad46c2cef93abac5a8a21202e132
runtime-kotlin/runtime-application/src/main/kotlin/skillbill/application/workflow/WorkflowServiceConstants.kt,workflow,15,79880928a8c1309e9df02c5f30385c8d04f63ad04ea1715d0f0a9827a4823f82
runtime-kotlin/runtime-application/src/main/kotlin/skillbill/application/workflow/WorkflowServiceDecompositionRuntime.kt,workflow,71,d309ffd71d4d928e8c7d56edf265c7ba78e27848e4e4dc9fa74992c742ce2d29
runtime-kotlin/runtime-application/src/main/kotlin/skillbill/application/workflow/WorkflowServiceFeatureTaskAbandon.kt,workflow,95,913cceddcb1384293241ae5c72ec47c9a0b60a6fa35cbe2f29fa8ebfd6b38f06
runtime-kotlin/runtime-application/src/main/kotlin/skillbill/application/workflow/WorkflowServiceFeatureTaskIdentityRepair.kt,workflow,90,0c65db30a6ab78387e337d03932aba32525537c8f6fed226ee6683863e78c7df
runtime-kotlin/runtime-application/src/main/kotlin/skillbill/application/workflow/WorkflowServiceIdentity.kt,workflow,36,b5cd724ab8f405d18f23f0b7d9f9a5c49d3a8e1932eb4b0d69ec4bb2ecf7314f
runtime-kotlin/runtime-application/src/main/kotlin/skillbill/application/workflow/WorkflowServiceInputMapping.kt,workflow,228,5ad2cb8d64ee1fd9f66102d4fb60ed8d9a05344e02b87ac34a31ceb7048a3119
runtime-kotlin/runtime-application/src/main/kotlin/skillbill/application/workflow/WorkflowWireProjections.kt,workflow,168,52590970be80575db5670cd6ef9d9958fc7c751fd70f275a13182f096c6ac2ac
runtime-kotlin/runtime-application/src/main/kotlin/skillbill/application/workflow/model/DecompositionWorkflowContinuationRequests.kt,workflow,28,18a64be609e5231be4ddeefac2da606b048ee748a2de32035648dc5325546be6
runtime-kotlin/runtime-application/src/main/kotlin/skillbill/application/workflow/model/PersistOpenedWorkflowArgs.kt,workflow,16,d2c734821d390f15a5b61b5cf34bed74346b07d3caa778a6e82ec3eee7ffcbeb
runtime-kotlin/runtime-application/src/main/kotlin/skillbill/application/workflow/model/WorkflowPersistenceModelAliases.kt,workflow,11,8d1e52b0ecb92e79eb152cecfe900a71c4b18c2819bc6ab8202101ab25891222
runtime-kotlin/runtime-application/src/main/kotlin/skillbill/application/workflow/model/WorkflowResults.kt,workflow,145,e6284c7e3353691bf060d8fbdd93b337d86b9b05e48984dfe0a2d2cd1b73fee9
runtime-kotlin/runtime-application/src/main/kotlin/skillbill/application/workflow/model/WorkflowServiceArgs.kt,workflow,27,1b600ca4bc80f836aea7809caf85ae797e926c6dad2edf2bbe77e0cbe5f650e0
runtime-kotlin/runtime-application/src/main/kotlin/skillbill/application/workflow/model/WorkflowSharedArgs.kt,workflow,51,4ba1017e4d1f6ae3cc792efcc8eab58786655f95aed2c0cadd20b76aa67cd0df
runtime-kotlin/runtime-application/src/main/kotlin/skillbill/application/workflow/model/WorkflowUpdateRequest.kt,workflow,20,ee439417f937afad45554a34dd392eb3b93519433f1778d211888f422ce9ff53
